ID,Country or Subregion,Serotype,Year,In / Out of Subregions,EW,(C/TC) x100 (e),(SD/D) x100 (e),CFR (f),Confirmed,Deaths,Epidemiological Week (a),Incidence Rate (c),Population X 1000,Severe Dengue (d),Total of Dengue Cases (b)
4,Brazil,"DEN 1,2,3,4",2015,Out,46,29.551254562,0.098725902,0.054,465153,853,46,772.90,203657,1554,1574055
4,Brazil,"DEN 1,2,3,4",2015,Out,51,29.600448592,0.095216537,0.052,487763,863,51,809.12,203657,1569,1647823
4,Brazil,"DEN 1,2,3,4",2015,Out,28,24.843526140,0.100110176,0.055,360331,796,28,712.18,203657,1452,1450402
4,Brazil,"DEN 1,2,3,4",2015,Out,33,27.545191114,0.099957257,0.055,409221,817,33,729.48,203657,1485,1485635
4,Brazil,"DEN 1,2,3,4",2015,Out,15,0.582091158,0.102376170,0.058,5248,524,15,442.69,203657,923,901577
4,Brazil,"DEN 1,2,3,4",2015,Out,20,0.409857510,0.099730953,0.055,5248,710,20,628.73,203657,1277,1280445
4,Brazil,"DEN 1,2,3,4",2015,Out,22,0.388266193,0.099064107,0.055,5248,737,22,663.69,203657,1339,1351650
4,Brazil,"DEN 1,2,3,4",2015,Out,27,25.003348065,0.099990910,0.055,360331,789,27,707.63,203657,1441,1441131
4,Brazil,"DEN 1,2,3,4",2015,Out,32,27.651001723,0.100070948,0.055,409221,814,32,726.69,203657,1481,1479950
4,Brazil,"DEN 1,2,3,4",2015,Out,34,27.452870630,0.099890583,0.055,409221,820,34,731.93,203657,1489,1490631
4,Brazil,"DEN 1,2,3,4",2015,Out,1,,0.114025086,0.061,,7,1,5.60,203657,13,11401
4,Brazil,"DEN 1,2,3,4",2015,Out,3,10.526104659,0.160458912,0.100,5248,50,3,24.48,203657,80,49857
4,Brazil,"DEN 1,2,3,4",2015,Out,8,2.019805486,0.124313486,0.076,5248,197,8,127.58,203657,323,259827
4,Brazil,"DEN 1,2,3,4",2015,Out,13,0.744153334,0.103653980,0.061,5248,427,13,346.28,203657,731,705231
4,Brazil,"DEN 1,2,3,4",2018,Out,1,30.706378492,0.065893516,0.053,2330,4,1,3.60,210868,5,7588
4,Brazil,"DEN 1,2,3,4",2018,Out,6,32.644276490,0.065068322,0.040,19566,24,6,28.42,210868,39,59937
4,Brazil,"DEN 1,2,3,4",2018,Out,8,33.487503764,0.067449563,0.039,27803,32,8,39.37,210868,56,83025
4,Brazil,"DEN 1,2,3,4",2018,Out,13,36.753037966,0.071596405,0.036,56467,56,13,72.86,210868,110,153639
4,Brazil,"DEN 1,2,3,4",2018,Out,15,38.272384018,0.071519473,0.038,72778,72,15,90.18,210868,136,190158
4,Brazil,"DEN 1,2,3,4",2018,Out,20,40.627015965,0.071184405,0.037,109580,99,20,127.91,210868,192,269722
4,Brazil,"DEN 1,2,3,4",2018,Out,30,40.706111588,0.077358189,0.040,139970,136,30,163.07,210868,266,343855
4,Brazil,"DEN 1,2,3,4",2018,Out,35,40.310670488,0.077039287,0.039,147556,142,35,173.59,210868,282,366047
4,Brazil,"DEN 1,2,3,4",2018,Out,37,40.109536945,0.076595517,0.039,149765,145,37,177.07,210868,286,373390
4,Brazil,"DEN 1,2,3,4",2018,Out,42,39.503243838,0.074108735,0.037,156182,147,42,187.49,210868,293,395365
4,Brazil,"DEN 1,2,3,4",2018,Out,49,38.742147507,0.071768270,0.035,170584,156,49,208.81,210868,316,440306
4,Brazil,"DEN 1,2,3,4",2018,Out,50,38.548568863,0.070239860,0.035,173425,158,50,213.35,210868,316,449887
4,Brazil,"DEN 1,2,3,4",2018,Out,4,31.277109685,0.059738708,0.036,12042,14,4,18.26,210868,23,38501
4,Brazil,"DEN 1,2,3,4",2018,Out,11,35.451603647,0.062966269,0.033,44479,42,11,59.50,210868,79,125464
4,Brazil,"DEN 1,2,3,4",2018,Out,16,38.993746911,0.071025113,0.037,81254,77,16,98.82,210868,148,208377
4,Brazil,"DEN 1,2,3,4",2018,Out,18,39.927697998,0.069969680,0.037,95868,90,18,113.86,210868,168,240104
4,Brazil,"DEN 1,2,3,4",2018,Out,23,40.972457095,0.075345333,0.040,122354,118,23,141.62,210868,225,298625
4,Brazil,"DEN 1,2,3,4",2018,Out,29,40.778807009,0.077585698,0.040,138232,136,29,160.75,210868,263,338980
4,Brazil,"DEN 1,2,3,4",2018,Out,31,40.640766396,0.078303145,0.040,141692,138,31,165.34,210868,273,348645
4,Brazil,"DEN 1,2,3,4",2018,Out,36,40.223121976,0.077134599,0.039,148618,144,36,175.22,210868,285,369484
4,Brazil,"DEN 1,2,3,4",2018,Out,41,39.643748431,0.074304484,0.037,154724,146,41,185.09,210868,290,390286
4,Brazil,"DEN 1,2,3,4",2018,Out,43,39.374225527,0.074699205,0.037,157604,150,43,189.82,210868,299,400272
4,Brazil,"DEN 1,2,3,4",2018,Out,48,38.819761423,0.071327502,0.036,167628,154,48,204.78,210868,308,431811
4,Brazil,"DEN 1,2,3,4",2018,Out,5,32.187205360,0.068205982,0.046,16045,23,5,23.64,210868,34,49849
4,Brazil,"DEN 1,2,3,4",2018,Out,10,34.681955863,0.064906967,0.037,38472,41,10,52.61,210868,72,110928
4,Brazil,"DEN 1,2,3,4",2018,Out,12,36.094670327,0.066477955,0.036,50495,51,12,66.34,210868,93,139896
4,Brazil,"DEN 1,2,3,4",2018,Out,17,39.413661840,0.072017427,0.038,88112,85,17,106.02,210868,161,223557
4,Brazil,"DEN 1,2,3,4",2018,Out,22,40.892783221,0.075893473,0.039,118540,114,22,137.47,210868,220,289880
4,Brazil,"DEN 1,2,3,4",2018,Out,24,40.997420073,0.076779678,0.040,126015,122,24,145.77,210868,236,307373
4,Brazil,"DEN 1,2,3,4",2018,Out,40,39.761467985,0.075140435,0.038,153457,145,40,183.03,210868,290,385944
4,Brazil,"DEN 1,2,3,4",2018,Out,45,39.109699480,0.073202703,0.037,160814,153,45,195.00,210868,301,411187
4,Brazil,"DEN 1,2,3,4",2018,Out,47,38.935792282,0.071711475,0.036,165057,153,47,201.04,210868,304,423921
4,Brazil,"DEN 1,2,3,4",2018,Out,52,38.244442233,0.069864122,0.035,176814,160,52,219.25,210868,323,462326
4,Brazil,"DEN 1,2,3,4",2018,Out,3,30.648351253,0.061131288,0.043,8523,12,3,13.19,210868,17,27809
4,Brazil,"DEN 1,2,3,4",2018,Out,19,40.324988471,0.071125423,0.038,103186,96,19,121.35,210868,182,255886
4,Brazil,"DEN 1,2,3,4",2018,Out,21,40.784694924,0.073705350,0.039,114543,110,21,133.19,210868,207,280848
4,Brazil,"DEN 1,2,3,4",2018,Out,26,40.923232964,0.078092429,0.041,131533,133,26,152.42,210868,251,321414
4,Brazil,"DEN 1,2,3,4",2018,Out,28,40.865380288,0.078010844,0.041,136199,135,28,158.05,210868,260,333287
4,Brazil,"DEN 1,2,3,4",2018,Out,33,40.484312004,0.077167829,0.039,144797,138,33,169.61,210868,276,357662
4,Brazil,"DEN 1,2,3,4",2018,Out,38,40.004557112,0.076040187,0.038,150990,145,38,178.99,210868,287,377432
4,Brazil,"DEN 1,2,3,4",2018,Out,46,39.001127179,0.072187448,0.037,162623,153,46,197.74,210868,301,416970
4,Brazil,"DEN 1,2,3,4",2018,Out,51,38.366886714,0.070362674,0.035,175578,159,51,217.02,210868,322,457629
4,Brazil,"DEN 1,2,3,4",2018,Out,2,31.274038462,0.060096154,0.036,5204,6,2,7.89,210868,10,16640
4,Brazil,"DEN 1,2,3,4",2018,Out,7,33.183793240,0.069127024,0.041,23522,29,7,33.62,210868,49,70884
4,Brazil,"DEN 1,2,3,4",2018,Out,9,34.047784544,0.064321358,0.037,32819,36,9,45.71,210868,62,96391
4,Brazil,"DEN 1,2,3,4",2018,Out,14,37.507074550,0.074683906,0.039,64283,66,14,81.28,210868,128,171389
4,Brazil,"DEN 1,2,3,4",2018,Out,25,40.983429589,0.078105404,0.041,129081,129,25,149.36,210868,246,314959
4,Brazil,"DEN 1,2,3,4",2018,Out,27,40.905929085,0.078102595,0.041,134079,135,27,155.44,210868,256,327774
4,Brazil,"DEN 1,2,3,4",2018,Out,32,40.577547617,0.077863317,0.039,143313,138,32,167.49,210868,275,353183
4,Brazil,"DEN 1,2,3,4",2018,Out,34,40.410183329,0.077330549,0.039,146318,141,34,171.71,210868,280,362082
4,Brazil,"DEN 1,2,3,4",2018,Out,39,39.882780964,0.075227780,0.038,152156,145,39,180.92,210868,287,381508
4,Brazil,"DEN 1,2,3,4",2018,Out,44,39.252576175,0.074239233,0.038,159148,153,44,192.27,210868,301,405446
4,Brazil,"DEN 1,2,3,4",2020,Out,48,52.787888661,0.056910541,0.038,761526,551,48,691.92,208495,821,1442615
4,Brazil,"DEN 1,2,3,4",2020,Out,50,52.446729831,0.056722627,0.038,763734,553,50,698.44,208495,826,1456209
4,Brazil,"DEN 1,2,3,4",2020,Out,5,58.952041441,0.083334619,0.049,114601,95,5,93.24,208495,162,194397
4,Brazil,"DEN 1,2,3,4",2020,Out,10,59.342157277,0.071734300,0.045,348272,262,10,281.49,208495,421,586888
4,Brazil,"DEN 1,2,3,4",2020,Out,12,58.902937972,0.068120918,0.045,429747,326,12,349.93,208495,497,729585
4,Brazil,"DEN 1,2,3,4",2020,Out,17,59.291264940,0.063932807,0.044,587044,435,17,474.88,208495,633,990102
4,Brazil,"DEN 1,2,3,4",2020,Out,41,53.779127010,0.057861617,0.039,753779,546,41,672.26,208495,811,1401620
4,Brazil,"DEN 1,2,3,4",2020,Out,51,52.306171184,0.056655285,0.038,764439,554,51,700.96,208495,828,1461470
4,Brazil,"DEN 1,2,3,4",2020,Out,46,53.123620101,0.057242867,0.039,759136,551,46,685.39,208495,818,1428999
4,Brazil,"DEN 1,2,3,4",2020,Out,20,58.545577786,0.062148681,0.042,654707,475,20,536.36,208495,695,1118286
4,Brazil,"DEN 1,2,3,4",2020,Out,22,57.917966061,0.061946075,0.042,681596,495,22,564.44,208495,729,1176830
4,Brazil,"DEN 1,2,3,4",2020,Out,27,56.190894753,0.059923448,0.040,721100,514,27,615.51,208495,769,1283304
4,Brazil,"DEN 1,2,3,4",2020,Out,32,55.059669870,0.059055485,0.039,739344,529,32,644.05,208495,793,1342805
4,Brazil,"DEN 1,2,3,4",2020,Out,34,54.756028058,0.058391860,0.039,743623,536,34,651.37,208495,793,1358066
4,Brazil,"DEN 1,2,3,4",2020,Out,39,54.052268960,0.058134181,0.039,751266,542,39,666.63,208495,808,1389888
4,Brazil,"DEN 1,2,3,4",2020,Out,1,54.759163308,0.124736135,0.038,11414,8,1,10.00,208495,26,20844
4,Brazil,"DEN 1,2,3,4",2020,Out,3,57.290493762,0.100335567,0.047,51389,42,3,43.02,208495,90,89699
4,Brazil,"DEN 1,2,3,4",2020,Out,8,59.242385474,0.076524327,0.046,250055,193,8,202.45,208495,323,422088
4,Brazil,"DEN 1,2,3,4",2020,Out,13,59.140344573,0.067390356,0.045,462484,352,13,375.07,208495,527,782011
4,Brazil,"DEN 1,2,3,4",2020,Out,15,59.485291882,0.066227925,0.044,528136,394,15,425.83,208495,588,887843
4,Brazil,"DEN 1,2,3,4",2020,Out,47,52.958133361,0.057110183,0.038,760384,551,47,688.66,208495,820,1435821
4,Brazil,"DEN 1,2,3,4",2020,Out,28,55.885918174,0.059339051,0.040,726133,517,28,623.19,208495,771,1299313
4,Brazil,"DEN 1,2,3,4",2020,Out,33,54.885209509,0.058680973,0.039,741705,531,33,648.16,208495,793,1351375
4,Brazil,"DEN 1,2,3,4",2020,Out,35,54.623117493,0.058267199,0.039,745280,536,35,654.41,208495,795,1364404
4,Brazil,"DEN 1,2,3,4",2020,Out,40,53.910927473,0.058023505,0.039,752589,544,40,669.55,208495,810,1395986
4,Brazil,"DEN 1,2,3,4",2020,Out,45,53.275652685,0.057418272,0.039,758055,550,45,682.46,208495,817,1422892
4,Brazil,"DEN 1,2,3,4",2020,Out,52,52.203900650,0.056509398,0.038,764914,554,52,702.77,208495,828,1465243
4,Brazil,"DEN 1,2,3,4",2020,Out,7,59.649845342,0.078336953,0.047,207115,163,7,166.54,208495,272,347218
4,Brazil,"DEN 1,2,3,4",2020,Out,9,59.339713474,0.072462173,0.045,296444,225,9,239.61,208495,362,499571
4,Brazil,"DEN 1,2,3,4",2020,Out,14,59.303695897,0.067307001,0.046,495174,380,14,400.48,208495,562,834980
4,Brazil,"DEN 1,2,3,4",2020,Out,16,59.476586394,0.065485170,0.045,559479,422,16,451.17,208495,616,940671
4,Brazil,"DEN 1,2,3,4",2020,Out,21,58.228667954,0.062073300,0.042,669777,487,21,551.69,208495,714,1150253
4,Brazil,"DEN 1,2,3,4",2020,Out,26,56.493776835,0.060118420,0.040,715118,510,26,607.13,208495,761,1265835
4,Brazil,"DEN 1,2,3,4",2020,Out,2,56.365932591,0.106559318,0.039,28564,20,2,24.31,208495,54,50676
4,Brazil,"DEN 1,2,3,4",2020,Out,49,52.608573594,0.056905303,0.038,762707,552,49,695.35,208495,825,1449777
4,Brazil,"DEN 1,2,3,4",2020,Out,42,53.656326231,0.057644303,0.039,754893,547,42,674.79,208495,811,1406904
4,Brazil,"DEN 1,2,3,4",2020,Out,44,53.410029116,0.057440686,0.039,756881,548,44,679.69,208495,814,1417114
4,Brazil,"DEN 1,2,3,4",2020,Out,11,59.054493997,0.068216388,0.043,395622,291,11,321.32,208495,457,669927
4,Brazil,"DEN 1,2,3,4",2020,Out,18,59.093194277,0.063107981,0.043,612394,446,18,497.05,208495,654,1036319
4,Brazil,"DEN 1,2,3,4",2020,Out,23,57.566052576,0.062005568,0.042,691659,502,23,576.28,208495,745,1201505
4,Brazil,"DEN 1,2,3,4",2020,Out,25,56.804103709,0.060372239,0.040,708496,505,25,598.22,208495,753,1247262
4,Brazil,"DEN 1,2,3,4",2020,Out,30,55.406453093,0.059109195,0.040,733951,525,30,635.35,208495,783,1324667
4,Brazil,"DEN 1,2,3,4",2020,Out,37,54.336216885,0.058222768,0.039,748464,540,37,660.67,208495,802,1377468
4,Brazil,"DEN 1,2,3,4",2020,Out,4,58.457720390,0.092076395,0.055,81265,77,4,66.68,208495,128,139015
4,Brazil,"DEN 1,2,3,4",2020,Out,6,59.699778215,0.081988582,0.046,158008,123,6,126.94,208495,217,264671
4,Brazil,"DEN 1,2,3,4",2020,Out,43,53.523392403,0.057490674,0.039,755966,548,43,677.43,208495,812,1412403
4,Brazil,"DEN 1,2,3,4",2020,Out,19,58.864347001,0.062517598,0.043,635556,461,19,517.85,208495,675,1079696
4,Brazil,"DEN 1,2,3,4",2020,Out,24,57.195138285,0.061253291,0.041,700311,505,24,587.27,208495,750,1224424
4,Brazil,"DEN 1,2,3,4",2020,Out,29,55.636169471,0.059184578,0.040,730415,523,29,629.68,208495,777,1312842
4,Brazil,"DEN 1,2,3,4",2020,Out,31,55.219953568,0.059126900,0.039,736865,527,31,640.02,208495,789,1334418
4,Brazil,"DEN 1,2,3,4",2020,Out,36,54.483569582,0.058284070,0.039,746900,539,36,657.51,208495,799,1370872
4,Brazil,"DEN 1,2,3,4",2020,Out,38,54.194645908,0.058030127,0.039,749926,540,38,663.69,208495,803,1383764
4,Brazil,"DEN 1,2",2021,Out,6,39.545728917,0.036022353,0.023,40619,24,6,48.00,213993,37,102714
4,Brazil,"DEN 1,2",2021,Out,25,46.195474242,0.037416604,0.026,335818,192,25,339.71,213993,272,726950
4,Brazil,"DEN 1,2",2021,Out,51,42.518417129,0.038123893,0.025,413765,239,51,454.75,213993,371,973143
4,Brazil,"DEN 1,2",2021,Out,13,43.514511716,0.032597156,0.025,145506,84,13,156.26,213993,109,334385
4,Brazil,"DEN 1,2",2021,Out,32,45.343460664,0.038193097,0.026,368037,212,32,379.30,213993,310,811665
4,Brazil,"DEN 1,2",2021,Out,39,44.307510452,0.039056334,0.026,384579,229,39,405.61,213993,339,867977
4,Brazil,"DEN 1,2",2021,Out,30,45.628420477,0.038270188,0.026,361258,209,30,369.98,213993,303,791739
4,Brazil,"DEN 1,2",2021,Out,49,42.887673393,0.038380390,0.025,408982,238,49,445.63,213993,366,953612
4,Brazil,"DEN 1,2",2021,Out,47,43.254071251,0.038448159,0.026,401624,237,47,433.90,213993,357,928523
4,Brazil,"DEN 1,2",2021,Out,35,44.916102851,0.038955235,0.027,375884,224,35,391.07,213993,326,836858
4,Brazil,"DEN 1,2",2021,Out,16,46.304100941,0.035624684,0.027,214463,123,16,216.44,213993,165,463162
4,Brazil,"DEN 1,2",2021,Out,23,46.430790132,0.036867804,0.027,319884,184,23,321.95,213993,254,688948
4,Brazil,"DEN 1,2",2021,Out,42,43.929325007,0.039316457,0.026,389947,232,42,414.81,213993,349,887669
4,Brazil,"DEN 1,2",2021,Out,4,37.577832603,0.031888290,0.023,22390,14,4,27.84,213993,19,59583
4,Brazil,"DEN 1,2",2021,Out,11,41.607781291,0.031005734,0.023,108697,60,11,122.08,213993,81,261242
4,Brazil,"DEN 1,2",2021,Out,9,40.943948179,0.029775897,0.022,78379,43,9,89.46,213993,57,191430
4,Brazil,"DEN 1,2",2021,Out,28,45.841124165,0.038304923,0.027,353039,205,28,359.89,213993,295,770136
4,Brazil,"DEN 1,2",2021,Out,5,38.505790157,0.037436358,0.025,30857,20,5,37.45,213993,30,80136
4,Brazil,"DEN 1,2,3,4",2023,Out,42,36.592321803,0.043155214,0.026,554542,387,18,708.18,213993,654,1515460
4,Brazil,"DEN 1,2,3,4",2023,Out,43,36.592321803,0.043155214,0.026,554542,387,18,708.18,213993,654,1515460
4,Brazil,"DEN 1,2,3,4",2023,Out,21,36.592321803,0.043155214,0.026,554542,387,18,708.18,213993,654,1515460
4,Brazil,"DEN 1,2,3,4",2023,Out,22,36.592321803,0.043155214,0.026,554542,387,18,708.18,213993,654,1515460
4,Brazil,"DEN 1,2,3,4",2023,Out,52,36.592321803,0.043155214,0.026,554542,387,18,708.18,213993,654,1515460
4,Brazil,"DEN 1,2,3,4",2023,Out,47,36.592321803,0.043155214,0.026,554542,387,18,708.18,213993,654,1515460
4,Brazil,"DEN 1,2,3,4",2023,Out,48,36.592321803,0.043155214,0.026,554542,387,18,708.18,213993,654,1515460
4,Brazil,"DEN 1,2",2023,Out,4,38.595176884,0.042584736,0.026,48941,33,4,59.26,213993,54,126806
4,Brazil,"DEN 1,2",2023,Out,11,40.642782804,0.048378932,0.030,272190,201,11,312.96,213993,324,669713
4,Brazil,"DEN 1,2",2023,Out,16,37.949360336,0.045471637,0.027,520773,377,16,641.28,213993,624,1372284
4,Brazil,"DEN 1,2,3,4",2023,Out,18,36.592321803,0.043155214,0.026,554542,387,18,708.18,213993,654,1515460
4,Brazil,"DEN 1,2,3,4",2023,Out,19,36.592321803,0.043155214,0.026,554542,387,18,708.18,213993,654,1515460
4,Brazil,"DEN 1,2,3,4",2023,Out,20,36.592321803,0.043155214,0.026,554542,387,18,708.18,213993,654,1515460
4,Brazil,"DEN 1,2",2023,Out,5,39.527928960,0.047550845,0.027,68996,48,5,81.57,213993,83,174550
4,Brazil,"DEN 1,2",2023,Out,10,40.969238078,0.050768232,0.030,225956,168,10,257.73,213993,280,551526
4,Brazil,"DEN 1,2",2023,Out,12,40.198768008,0.047630476,0.030,326617,246,12,379.69,213993,387,812505
4,Brazil,"DEN 1,2",2023,Out,17,37.187025188,0.044162195,0.026,544810,384,17,684.63,213993,647,1465054
4,Brazil,"DEN 1,2",2023,Out,3,38.315152480,0.045499528,0.025,33684,22,3,41.08,213993,40,87913
4,Brazil,"DEN 1,2",2021,Out,15,45.529443962,0.033793030,0.024,191317,102,15,196.36,213993,142,420205
4,Brazil,"DEN 1,2",2021,Out,24,46.327872412,0.037364940,0.027,328567,188,24,331.42,213993,265,709221
4,Brazil,"DEN 1,2",2021,Out,34,45.048305101,0.038586202,0.027,373591,223,34,387.54,213993,320,829312
4,Brazil,"DEN 1,2",2021,Out,48,43.077327113,0.038596040,0.025,405147,238,48,439.51,213993,363,940511
4,Brazil,"DEN 1,2",2021,Out,10,41.138670323,0.030621347,0.025,92699,56,10,105.30,213993,69,225333
4,Brazil,"DEN 1,2",2021,Out,29,45.726159549,0.038245516,0.026,357483,206,29,365.33,213993,299,781791
4,Brazil,"DEN 1,2",2021,Out,17,46.748586730,0.035902013,0.027,235683,135,17,235.59,213993,181,504150
4,Brazil,"DEN 1,2",2021,Out,36,44.763301388,0.038939842,0.027,378202,225,36,394.82,213993,329,844893
4,Brazil,"DEN 1,2",2021,Out,43,43.815342701,0.039032268,0.026,391767,232,43,417.83,213993,349,894132
4,Brazil,"DEN 1,2",2021,Out,3,36.436660829,0.030356100,0.023,15604,10,3,20.01,213993,13,42825
4,Brazil,"DEN 1,2",2021,Out,22,46.545209969,0.035811068,0.026,309339,176,22,310.57,213993,238,664599
4,Brazil,"DEN 1,2",2021,Out,41,44.052573857,0.039168137,0.026,388023,231,41,411.61,213993,345,880818
4,Brazil,"DEN 1,2",2021,Out,21,46.699621071,0.035745025,0.026,297874,166,21,298.07,213993,228,637851
4,Brazil,"DEN 1,2",2021,Out,31,45.496254203,0.038025231,0.026,364925,210,31,374.82,213993,305,802099
4,Brazil,"DEN 1,2",2021,Out,50,42.686939384,0.038215888,0.025,412171,238,50,451.21,213993,369,965567
4,Brazil,"DEN 1,2",2021,Out,52,42.456692849,0.038032792,0.025,414154,239,52,455.84,213993,371,975474
4,Brazil,"DEN 1,2",2021,Out,14,44.718060790,0.035103833,0.025,169426,93,14,177.05,213993,133,378876
4,Brazil,"DEN 1,2",2021,Out,33,45.195402355,0.038236587,0.026,371146,216,33,383.75,213993,314,821203
4,Brazil,"DEN 1,2",2021,Out,40,44.181843348,0.039350128,0.026,386239,230,40,408.52,213993,344,874203
4,Brazil,"DEN 1,2",2021,Out,2,35.424890147,0.026066880,0.022,9513,6,2,12.55,213993,7,26854
4,Brazil,"DEN 1,2",2021,Out,12,42.192149998,0.030470980,0.023,124620,67,12,138.02,213993,90,295363
4,Brazil,"DEN 1,2",2021,Out,19,46.976231070,0.035793456,0.026,271672,151,19,270.25,213993,207,578318
4,Brazil,"DEN 1,2",2021,Out,38,44.446006831,0.038814327,0.026,382461,228,38,402.12,213993,334,860507
4,Brazil,"DEN 1,2",2021,Out,7,39.969077637,0.036153012,0.023,51961,30,7,60.75,213993,47,130003
4,Brazil,"DEN 1,2",2021,Out,26,46.103687896,0.037991771,0.027,342212,198,26,346.86,213993,282,742266
4,Brazil,"DEN 1,2",2021,Out,45,43.559710727,0.038606429,0.026,396034,233,45,424.86,213993,351,909175
4,Brazil,"DEN 1,2",2021,Out,37,44.604136006,0.038698102,0.026,380364,225,37,398.50,213993,330,852755
4,Brazil,"DEN 1,2",2021,Out,44,43.674481645,0.038819790,0.026,393770,232,44,421.32,213993,350,901602
4,Brazil,"DEN 1,2",2021,Out,1,34.848253775,0.022876315,0.008,4570,1,1,6.13,213993,3,13114
4,Brazil,"DEN 1,2",2021,Out,20,46.831828583,0.035733721,0.026,285706,159,20,285.09,213993,218,610068
4,Brazil,"DEN 1,2",2021,Out,27,45.979362644,0.038187961,0.027,347964,202,27,353.65,213993,289,756783
4,Brazil,"DEN 1,2",2021,Out,46,43.418102383,0.038658433,0.026,398708,236,46,429.13,213993,355,918299
4,Brazil,"DEN 1,2",2021,Out,8,40.462252534,0.033469104,0.023,64074,37,8,74.00,213993,53,158355
4,Brazil,"DEN 1,2",2021,Out,18,46.961131329,0.035045070,0.026,254604,143,18,253.35,213993,190,542159
4,Brazil,"DEN 1,2",2023,Out,1,37.339841367,0.045759610,0.015,9792,4,1,12.25,213993,12,26224
4,Brazil,"DEN 1,2",2023,Out,6,40.375999863,0.050636822,0.029,94089,68,6,108.90,213993,118,233032
4,Brazil,"DEN 1,2",2023,Out,8,40.984001195,0.052573035,0.032,148117,115,8,168.88,213993,190,361402
4,Brazil,"DEN 1,2",2023,Out,13,39.602545704,0.047731952,0.030,380826,287,13,449.37,213993,459,961620
4,Brazil,"DEN 1,2",2023,Out,15,38.595220217,0.046910849,0.029,482123,359,15,583.75,213993,586,1249178
4,Brazil,"DEN 1,2",2023,Out,14,39.284884394,0.047749704,0.030,431108,327,14,512.82,213993,524,1097389
4,Brazil,"DEN 1,2,3,4",2023,Out,26,36.592321803,0.043155214,0.026,554542,387,18,708.18,213993,654,1515460
4,Brazil,"DEN 1,2,3,4",2023,Out,27,36.592321803,0.043155214,0.026,554542,387,18,708.18,213993,654,1515460
4,Brazil,"DEN 1,2,3,4",2023,Out,28,36.592321803,0.043155214,0.026,554542,387,18,708.18,213993,654,1515460
4,Brazil,"DEN 1,2",2023,Out,2,37.620690921,0.045890084,0.028,20495,15,2,25.46,213993,25,54478
4,Brazil,"DEN 1,2",2023,Out,7,40.974288379,0.052263559,0.031,119951,90,7,136.80,213993,153,292747
4,Brazil,"DEN 1,2",2023,Out,9,40.937245768,0.053047442,0.031,183667,139,9,209.66,213993,238,448655
4,Brazil,"DEN 1,2,3,4",2023,Out,32,36.592321803,0.043155214,0.026,554542,387,18,708.18,213993,654,1515460
4,Brazil,"DEN 1,2,3,4",2023,Out,33,36.592321803,0.043155214,0.026,554542,387,18,708.18,213993,654,1515460
4,Brazil,"DEN 1,2,3,4",2023,Out,34,36.592321803,0.043155214,0.026,554542,387,18,708.18,213993,654,1515460
4,Brazil,"DEN 1,2,3,4",2023,Out,23,36.592321803,0.043155214,0.026,554542,387,18,708.18,213993,654,1515460
4,Brazil,"DEN 1,2,3,4",2023,Out,24,36.592321803,0.043155214,0.026,554542,387,18,708.18,213993,654,1515460
4,Brazil,"DEN 1,2,3,4",2023,Out,25,36.592321803,0.043155214,0.026,554542,387,18,708.18,213993,654,1515460
4,Brazil,"DEN 1,2,3,4",2023,Out,38,36.592321803,0.043155214,0.026,554542,387,18,708.18,213993,654,1515460
4,Brazil,"DEN 1,2,3,4",2023,Out,39,36.592321803,0.043155214,0.026,554542,387,18,708.18,213993,654,1515460
4,Brazil,"DEN 1,2,3,4",2023,Out,40,36.592321803,0.043155214,0.026,554542,387,18,708.18,213993,654,1515460
4,Brazil,"DEN 1,2,3,4",2023,Out,29,36.592321803,0.043155214,0.026,554542,387,18,708.18,213993,654,1515460
4,Brazil,"DEN 1,2,3,4",2023,Out,30,36.592321803,0.043155214,0.026,554542,387,18,708.18,213993,654,1515460
4,Brazil,"DEN 1,2,3,4",2023,Out,31,36.592321803,0.043155214,0.026,554542,387,18,708.18,213993,654,1515460
4,Brazil,"DEN 1,2,3,4",2023,Out,44,36.592321803,0.043155214,0.026,554542,387,18,708.18,213993,654,1515460
4,Brazil,"DEN 1,2,3,4",2023,Out,45,36.592321803,0.043155214,0.026,554542,387,18,708.18,213993,654,1515460
4,Brazil,"DEN 1,2,3,4",2023,Out,46,36.592321803,0.043155214,0.026,554542,387,18,708.18,213993,654,1515460
4,Brazil,"DEN 1,2,3,4",2023,Out,35,36.592321803,0.043155214,0.026,554542,387,18,708.18,213993,654,1515460
4,Brazil,"DEN 1,2,3,4",2023,Out,36,36.592321803,0.043155214,0.026,554542,387,18,708.18,213993,654,1515460
4,Brazil,"DEN 1,2,3,4",2023,Out,37,36.592321803,0.043155214,0.026,554542,387,18,708.18,213993,654,1515460
4,Brazil,"DEN 1,2,3,4",2023,Out,49,36.592321803,0.043155214,0.026,554542,387,18,708.18,213993,654,1515460
4,Brazil,"DEN 1,2,3,4",2023,Out,50,36.592321803,0.043155214,0.026,554542,387,18,708.18,213993,654,1515460
4,Brazil,"DEN 1,2,3,4",2023,Out,51,36.592321803,0.043155214,0.026,554542,387,18,708.18,213993,654,1515460
4,Brazil,"DEN 1,2,3,4",2023,Out,41,36.592321803,0.043155214,0.026,554542,387,18,708.18,213993,654,1515460
4,Brazil,"DEN 1,2,3,4",2015,Out,16,0.527858943,0.100582878,0.057,5248,566,16,488.18,203657,1000,994205
4,Brazil,"DEN 1,2,3,4",2015,Out,18,0.450673649,0.100302367,0.056,5248,655,18,571.78,203657,1168,1164479
4,Brazil,"DEN 1,2,3,4",2015,Out,23,0.380531410,0.098975872,0.055,5248,752,23,677.18,203657,1365,1379124
4,Brazil,"DEN 1,2,3,4",2015,Out,25,25.411338420,0.099506838,0.055,360331,773,25,696.27,203657,1411,1417993
4,Brazil,"DEN 1,2,3,4",2015,Out,4,6.639592110,0.151819942,0.094,5248,74,4,38.81,203657,120,79041
4,Brazil,"DEN 1,2,3,4",2015,Out,6,3.390049481,0.136299627,0.083,5248,129,6,76.01,203657,211,154806
4,Brazil,"DEN 1,2,3,4",2015,Out,11,0.995053175,0.104472999,0.063,5248,330,11,258.97,203657,551,527409
4,Brazil,"DEN 1,2,3,4",2015,Out,37,27.162284329,0.100160762,0.055,409221,833,37,739.76,203657,1509,1506578
4,Brazil,"DEN 1,2,3,4",2015,Out,42,30.296337498,0.100172991,0.055,465153,847,42,753.89,203657,1538,1535344
4,Brazil,"DEN 1,2,3,4",2015,Out,44,29.984374577,0.099786117,0.055,465153,849,44,761.73,203657,1548,1551318
4,Brazil,"DEN 1,2,3,4",2015,Out,49,30.029767310,0.096412839,0.053,487763,862,49,797.55,203657,1566,1624265
4,Brazil,"DEN 1,2,3,4",2015,Out,36,27.261281174,0.100126107,0.055,409221,829,36,737.08,203657,1503,1501107
4,Brazil,"DEN 1,2,3,4",2015,Out,38,27.067781072,0.100473728,0.055,409221,838,38,742.35,203657,1519,1511838
4,Brazil,"DEN 1,2,3,4",2015,Out,43,30.160830790,0.100178831,0.055,465153,848,43,757.27,203657,1545,1542242
4,Brazil,"DEN 1,2,3,4",2015,Out,48,30.390293808,0.097383420,0.054,487763,861,48,788.09,203657,1563,1604996
4,Brazil,"DEN 1,2,3,4",2015,Out,50,29.737784056,0.095475405,0.053,487763,863,50,805.38,203657,1566,1640213
4,Brazil,"DEN 1,2,3,4",2015,Out,30,27.904298351,0.100237570,0.055,409221,808,30,720.09,203657,1470,1466516
4,Brazil,"DEN 1,2,3,4",2015,Out,12,0.848004007,0.103899881,0.061,5248,380,12,303.88,203657,643,618865
4,Brazil,"DEN 1,2,3,4",2015,Out,17,0.483807030,0.101038968,0.057,5248,618,17,532.63,203657,1096,1084730
4,Brazil,"DEN 1,2,3,4",2015,Out,19,0.426971448,0.099339203,0.056,5248,684,19,603.53,203657,1221,1229122
4,Brazil,"DEN 1,2,3,4",2015,Out,24,0.374289026,0.099135241,0.054,5248,763,24,688.47,203657,1390,1402125
4,Brazil,"DEN 1,2,3,4",2015,Out,29,24.695225589,0.100129394,0.055,360331,801,29,716.46,203657,1461,1459112
4,Brazil,"DEN 1,2,3,4",2015,Out,31,27.775620881,0.100250456,0.055,409221,813,31,723.43,203657,1477,1473310
4,Brazil,"DEN 1,2,3,4",2015,Out,5,4.506577817,0.139971834,0.088,5248,103,5,57.18,203657,163,116452
4,Brazil,"DEN 1,2,3,4",2015,Out,10,1.224986170,0.110174061,0.068,5248,290,10,210.36,203657,472,428413
4,Brazil,"DEN 1,2,3,4",2015,Out,14,0.649500127,0.103340817,0.059,5248,474,14,396.75,203657,835,808006
4,Brazil,"DEN 1,2,3,4",2015,Out,21,0.397510409,0.099150367,0.055,5248,724,21,648.26,203657,1309,1320217
4,Brazil,"DEN 1,2,3,4",2015,Out,26,25.187227826,0.099747660,0.054,360331,779,26,702.46,203657,1427,1430610
4,Brazil,"DEN 1,2,3,4",2015,Out,2,,0.176811376,0.087,,23,2,13.05,203657,47,26582
4,Brazil,"DEN 1,2,3,4",2015,Out,7,2.606497370,0.130126203,0.080,5248,161,7,98.86,203657,262,201343
4,Brazil,"DEN 1,2,3,4",2015,Out,9,1.553867199,0.118731087,0.074,5248,249,9,165.84,203657,401,337738
4,Brazil,"DEN 1,2,3,4",2015,Out,35,27.358349919,0.100014641,0.055,409221,826,35,734.46,203657,1496,1495781
4,Brazil,"DEN 1,2,3,4",2015,Out,40,30.541108928,0.100391389,0.055,465153,843,40,747.85,203657,1529,1523039
4,Brazil,"DEN 1,2,3,4",2015,Out,45,29.773259989,0.099147549,0.054,465153,849,45,767.13,203657,1549,1562318
4,Brazil,"DEN 1,2,3,4",2015,Out,47,29.302102317,0.098271493,0.054,465153,859,47,779.47,203657,1560,1587439
4,Brazil,"DEN 1,2,3,4",2015,Out,52,30.380204341,0.095148113,0.052,500972,863,52,809.70,203657,1569,1649008
4,Brazil,"DEN 1,2,3,4",2015,Out,39,30.653879307,0.100498472,0.055,465153,841,39,745.09,203657,1525,1517436
4,Brazil,"DEN 1,2,3,4",2015,Out,41,30.424806441,0.100336133,0.055,465153,846,41,750.70,203657,1534,1528861
4,Brazil,"DEN 1,2,3,4",2017,Out,29,33.458204752,0.056517238,0.031,133792,125,29,191.07,209288,226,399878
4,Brazil,"DEN 1,2,3,4",2017,Out,34,33.230851968,0.056634439,0.031,139649,132,34,200.79,209288,238,420239
4,Brazil,"DEN 1,2,3,4",2017,Out,39,32.654577481,0.057133824,0.030,144601,135,39,211.58,209288,253,442820
4,Brazil,"DEN 1,2,3,4",2017,Out,41,32.372882479,0.056739530,0.030,146632,136,41,216.42,209288,257,452947
4,Brazil,"DEN 1,2,3,4",2017,Out,46,31.741485534,0.055191676,0.030,151830,142,46,228.55,209288,264,478333
4,Brazil,"DEN 1,2,3,4",2017,Out,48,31.461543342,0.054845991,0.029,153734,142,48,233.48,209288,268,488641
4,Brazil,"DEN 1,2,3,4",2014,Out,3,33.945890761,0.136123873,0.102,5985,18,3,8.73,202034,24,17631
4,Brazil,"DEN 1,2,3,4",2014,Out,8,40.275726243,0.127195142,0.085,29448,62,8,36.19,202034,93,73116
4,Brazil,"DEN 1,2,3,4",2014,Out,10,40.576750018,0.137514029,0.088,40130,87,10,48.95,202034,136,98899
4,Brazil,"DEN 1,2,3,4",2017,Out,3,29.065493140,0.064716542,0.034,11228,13,3,18.46,209288,25,38630
4,Brazil,"DEN 1,2,3,4",2017,Out,8,30.879119048,0.050811315,0.027,37071,32,8,57.36,209288,61,120052
4,Brazil,"DEN 1,2,3,4",2017,Out,10,31.155507212,0.048272178,0.023,48406,36,10,74.24,209288,75,155369
4,Brazil,"DEN 1,2,3,4",2017,Out,15,32.128794640,0.048461548,0.026,79557,64,15,118.31,209288,120,247619
4,Brazil,"DEN 1,2,3,4",2017,Out,20,33.215305017,0.051281269,0.030,108815,97,20,156.53,209288,168,327605
4,Brazil,"DEN 1,2,3,4",2017,Out,22,33.370714742,0.053374973,0.030,117540,106,22,168.30,209288,188,352225
4,Brazil,"DEN 1,2,3,4",2017,Out,27,33.479348866,0.055523430,0.031,130846,121,27,186.74,209288,217,390826
4,Brazil,"DEN 1,2,3,4",2017,Out,1,27.404127329,0.041774584,0.025,3280,3,1,5.72,209288,5,11969
4,Brazil,"DEN 1,2,3,4",2014,Out,15,41.658339420,0.120091592,0.070,92966,157,15,110.46,202034,268,223163
4,Brazil,"DEN 1,2,3,4",2014,Out,17,41.691544968,0.117800298,0.071,123871,211,17,147.06,202034,350,297113
4,Brazil,"DEN 1,2,3,4",2014,Out,22,41.848533008,0.116810197,0.068,179847,293,22,212.72,202034,502,429757
4,Brazil,"DEN 1,2,3,4",2014,Out,27,41.498338607,0.119653630,0.073,199075,348,27,237.44,202034,574,479718
4,Brazil,"DEN 1,2,3,4",2014,Out,29,41.440163677,0.121453695,0.074,203356,361,29,242.89,202034,596,490722
4,Brazil,"DEN 1,2,3,4",2014,Out,34,40.970887468,0.123895607,0.074,209326,379,34,252.89,202034,633,510914
4,Brazil,"DEN 1,2,3,4",2014,Out,36,40.646213269,0.123930784,0.074,210888,384,36,256.81,202034,643,518838
4,Brazil,"DEN 1,2,3,4",2014,Out,41,39.539563683,0.123357459,0.074,214754,400,41,268.83,202034,670,543137
4,Brazil,"DEN 1,2,3,4",2014,Out,46,38.409453141,0.119800298,0.071,218337,406,46,281.36,202034,681,568446
4,Brazil,"DEN 1,2,3,4",2014,Out,48,37.919601511,0.118400591,0.070,219702,407,48,286.78,202034,686,579389
4,Brazil,"DEN 1,2,3,4",2017,Out,33,33.299694366,0.056465410,0.031,138588,130,33,198.86,209288,235,416184
4,Brazil,"DEN 1,2,3,4",2017,Out,35,33.151474588,0.056796489,0.031,140669,132,35,202.75,209288,241,424322
4,Brazil,"DEN 1,2,3,4",2017,Out,40,32.509824060,0.056934893,0.030,145605,135,40,214.00,209288,255,447880
4,Brazil,"DEN 1,2,3,4",2017,Out,42,32.235907928,0.056274497,0.030,147791,137,42,219.06,209288,258,458467
4,Brazil,"DEN 1,2,3,4",2017,Out,47,31.615381910,0.054619145,0.029,152812,142,47,230.95,209288,264,483347
4,Brazil,"DEN 1,2,3,4",2017,Out,52,30.909925797,0.054627612,0.029,156169,144,52,241.41,209288,276,505239
4,Brazil,"DEN 1,2,3,4",2014,Out,2,32.624179944,0.131208997,0.103,3481,11,2,5.28,202034,14,10670
4,Brazil,"DEN 1,2,3,4",2014,Out,4,35.354739473,0.138434916,0.096,9194,25,4,12.87,202034,36,26005
4,Brazil,"DEN 1,2,3,4",2014,Out,9,40.189510178,0.131181335,0.088,34313,75,9,42.26,202034,112,85378
4,Brazil,"DEN 1,2,3,4",2017,Out,2,27.880287116,0.068940346,0.041,6875,10,2,11.78,209288,17,24659
4,Brazil,"DEN 1,2,3,4",2017,Out,9,30.947362258,0.047573043,0.024,42284,33,9,65.28,209288,65,136632
4,Brazil,"DEN 1,2,3,4",2017,Out,14,32.021156190,0.047013756,0.024,73559,55,14,109.76,209288,108,229720
4,Brazil,"DEN 1,2,3,4",2017,Out,16,32.417725287,0.049366712,0.027,86024,72,16,126.79,209288,131,265361
4,Brazil,"DEN 1,2,3,4",2017,Out,21,33.294311430,0.052650156,0.031,113194,104,21,162.45,209288,179,339980
4,Brazil,"DEN 1,2,3,4",2017,Out,28,33.485232195,0.056109064,0.031,132487,124,28,189.05,209288,222,395658
4,Brazil,"DEN 1,2,3,4",2014,Out,18,41.885682002,0.117526564,0.070,138637,231,18,163.83,202034,389,330989
4,Brazil,"DEN 1,2,3,4",2014,Out,20,41.832840648,0.116132953,0.069,162457,268,20,192.22,202034,451,388348
4,Brazil,"DEN 1,2,3,4",2014,Out,25,41.555194372,0.117384518,0.071,193289,328,25,230.23,202034,546,465138
4,Brazil,"DEN 1,2,3,4",2014,Out,30,41.368697439,0.121898796,0.074,204979,367,30,245.25,202034,604,495493
4,Brazil,"DEN 1,2,3,4",2014,Out,32,41.204935113,0.122960670,0.074,207431,373,32,249.17,202034,619,503413
4,Brazil,"DEN 1,2,3,4",2014,Out,37,40.432112326,0.123979178,0.074,211652,386,37,259.10,202034,649,523475
4,Brazil,"DEN 1,2,3,4",2014,Out,39,40.008971084,0.123493168,0.073,213177,390,39,263.73,202034,658,532823
4,Brazil,"DEN 1,2,3,4",2014,Out,44,38.867662818,0.121323121,0.073,216887,405,44,276.20,202034,677,558014
4,Brazil,"DEN 1,2,3,4",2014,Out,49,37.667728677,0.117380130,0.070,220140,408,49,289.27,202034,686,584426
4,Brazil,"DEN 1,2,3,4",2014,Out,51,37.375841565,0.116446204,0.069,220507,409,51,292.02,202034,687,589972
4,Brazil,"DEN 1,2,3,4",2017,Out,30,33.415864260,0.056451154,0.031,134963,126,30,192.98,209288,228,403889
4,Brazil,"DEN 1,2,3,4",2017,Out,32,33.345624713,0.056281583,0.031,137455,129,32,196.96,209288,232,412213
4,Brazil,"DEN 1,2,3,4",2017,Out,37,32.926499823,0.057261470,0.031,142605,133,37,206.94,209288,248,433101
4,Brazil,"DEN 1,2,3,4",2017,Out,44,31.989581597,0.055767086,0.030,149717,141,44,223.62,209288,261,468018
4,Brazil,"DEN 1,2,3,4",2017,Out,49,31.316904674,0.054667711,0.029,154672,142,49,235.99,209288,270,493893
4,Brazil,"DEN 1,2,3,4",2017,Out,51,30.996085479,0.054870884,0.029,155910,144,51,240.34,209288,276,502999
4,Brazil,"DEN 1,2,3,4",2014,Out,1,31.072210066,0.109409190,0.109,1420,5,1,2.26,202034,5,4570
4,Brazil,"DEN 1,2,3,4",2014,Out,6,38.368593051,0.139748882,0.105,17846,49,6,23.02,202034,65,46512
4,Brazil,"DEN 1,2,3,4",2014,Out,11,40.839946516,0.128501224,0.080,47037,92,11,57.01,202034,148,115174
4,Brazil,"DEN 1,2,3,4",2014,Out,13,42.147544764,0.124647093,0.076,67627,122,13,79.42,202034,200,160453
4,Brazil,"DEN 1,2,3,4",2017,Out,4,29.470431500,0.061061357,0.030,15927,16,4,25.82,209288,33,54044
4,Brazil,"DEN 1,2,3,4",2017,Out,6,30.362658735,0.058345727,0.030,26540,26,6,41.77,209288,51,87410
4,Brazil,"DEN 1,2,3,4",2017,Out,11,31.415272376,0.048330303,0.024,54601,42,11,83.05,209288,84,173804
4,Brazil,"DEN 1,2,3,4",2017,Out,13,31.894937003,0.046471266,0.023,67261,48,13,100.76,209288,98,210883
4,Brazil,"DEN 1,2,3,4",2017,Out,18,32.918184785,0.049790912,0.029,97847,85,18,142.03,209288,148,297243
4,Brazil,"DEN 1,2,3,4",2017,Out,23,33.421181764,0.053480948,0.029,121234,107,23,173.32,209288,194,362746
4,Brazil,"DEN 1,2,3,4",2017,Out,25,33.464392396,0.054886480,0.030,126818,115,25,181.07,209288,208,378964
4,Brazil,"DEN 1,2,3,4",2014,Out,16,41.895040027,0.117443656,0.070,108801,181,16,128.54,202034,305,259699
4,Brazil,"DEN 1,2,3,4",2014,Out,21,41.825571327,0.116259838,0.069,171965,284,21,203.50,202034,478,411148
4,Brazil,"DEN 1,2,3,4",2014,Out,23,41.715314099,0.116078961,0.069,185435,305,23,220.02,202034,516,444525
4,Brazil,"DEN 1,2,3,4",2014,Out,28,41.494309911,0.121070112,0.073,201525,356,28,240.39,202034,588,485669
4,Brazil,"DEN 1,2,3,4",2014,Out,35,40.825098027,0.123966782,0.074,210108,382,35,254.74,202034,638,514654
4,Brazil,"DEN 1,2,3,4",2014,Out,40,39.767542564,0.123774107,0.074,213980,397,40,266.33,202034,666,538077
4,Brazil,"DEN 1,2,3,4",2014,Out,42,39.299093545,0.122927648,0.074,215473,403,42,271.39,202034,674,548290
4,Brazil,"DEN 1,2,3,4",2014,Out,47,38.165656256,0.119298698,0.071,219143,407,47,284.20,202034,685,574189
4,Brazil,"DEN 1,2,3,4",2017,Out,31,33.384376784,0.056351970,0.031,136258,128,31,195.02,209288,230,408149
4,Brazil,"DEN 1,2,3,4",2017,Out,36,33.054607269,0.056741497,0.031,141559,132,36,204.63,209288,243,428258
4,Brazil,"DEN 1,2,3,4",2017,Out,38,32.784142397,0.057521245,0.031,143627,135,38,209.33,209288,252,438099
4,Brazil,"DEN 1,2,3,4",2017,Out,43,32.111756873,0.056111515,0.030,148794,138,43,221.40,209288,260,463363
4,Brazil,"DEN 1,2,3,4",2017,Out,45,31.863269248,0.055365135,0.030,150784,141,45,226.11,209288,262,473222
4,Brazil,"DEN 1,2,3,4",2017,Out,50,31.141227905,0.054899478,0.029,155424,144,50,238.47,209288,274,499094
4,Brazil,"DEN 1,2,3,4",2014,Out,5,36.984992412,0.137710078,0.104,13160,37,5,17.61,202034,49,35582
4,Brazil,"DEN 1,2,3,4",2014,Out,7,39.756159085,0.131169596,0.094,23641,56,7,29.43,202034,78,59465
4,Brazil,"DEN 1,2,3,4",2014,Out,12,41.565330457,0.123376527,0.075,56262,101,12,67.00,202034,167,135358
4,Brazil,"DEN 1,2,3,4",2014,Out,14,42.121922688,0.122272037,0.073,79578,138,14,93.51,202034,231,188923
4,Brazil,"DEN 1,2,3,4",2017,Out,5,30.218130312,0.062322946,0.028,21334,20,5,33.73,209288,44,70600
4,Brazil,"DEN 1,2,3,4",2017,Out,7,30.675594586,0.052386440,0.029,32206,30,7,50.16,209288,55,104989
4,Brazil,"DEN 1,2,3,4",2017,Out,12,31.670401261,0.046682435,0.023,61058,44,12,92.12,209288,90,192792
4,Brazil,"DEN 1,2,3,4",2017,Out,17,32.671848045,0.049798140,0.027,91852,77,17,134.33,209288,140,281135
4,Brazil,"DEN 1,2,3,4",2017,Out,19,33.103388752,0.049867499,0.029,103557,90,19,149.47,209288,156,312829
4,Brazil,"DEN 1,2,3,4",2017,Out,24,33.452957326,0.054154105,0.030,124165,111,24,177.35,209288,201,371163
4,Brazil,"DEN 1,2,3,4",2017,Out,26,33.475982986,0.054984957,0.030,129070,117,26,184.22,209288,212,385560
4,Brazil,"DEN 1,2,3,4",2014,Out,19,41.796266957,0.116258744,0.068,150635,244,19,178.39,202034,419,360403
4,Brazil,"DEN 1,2,3,4",2014,Out,24,41.604945855,0.117371922,0.070,189642,320,24,225.61,202034,535,455816
4,Brazil,"DEN 1,2,3,4",2014,Out,26,41.521476699,0.118181568,0.071,196397,337,26,234.12,202034,559,473001
4,Brazil,"DEN 1,2,3,4",2014,Out,31,41.298678425,0.122490398,0.074,206341,371,31,247.30,202034,612,499631
4,Brazil,"DEN 1,2,3,4",2014,Out,33,41.096241553,0.123237458,0.074,208420,376,33,251.02,202034,625,507151
4,Brazil,"DEN 1,2,3,4",2014,Out,38,40.233487350,0.124034237,0.074,212465,389,38,261.38,202034,655,528080
4,Brazil,"DEN 1,2,3,4",2014,Out,43,39.069212626,0.121996403,0.073,216168,403,43,273.86,202034,675,553295
4,Brazil,"DEN 1,2,3,4",2014,Out,45,38.638631706,0.120215785,0.072,217595,405,45,278.74,202034,677,563154
4,Brazil,"DEN 1,2,3,4",2014,Out,50,37.475878039,0.116805547,0.070,220417,409,50,291.12,202034,687,588157
4,Brazil,"DEN 1,2,3,4",2014,Out,52,37.325252347,0.116272772,0.069,220537,409,52,292.45,202034,687,590852
4,Brazil,"DEN 1,2,3,4",2019,Out,26,59.956741972,0.064788090,0.038,1151233,729,26,920.94,208495,1244,1920106
4,Brazil,"DEN 1,2,3,4",2019,Out,38,58.591396233,0.066660830,0.038,1231406,792,38,"1,008.03",208495,1401,2101684
4,Brazil,"DEN 1,2,3,4",2019,Out,43,58.059383905,0.066349431,0.038,1246953,808,43,"1,030.11",208495,1425,2147720
4,Brazil,"DEN 1,2,3,4",2019,Out,50,57.491141276,0.066238480,0.037,1281082,832,50,"1,068.76",208495,1476,2228312
4,Brazil,"DEN 1,2,3,4",2019,Out,52,57.408086028,0.066130919,0.037,1290861,840,52,"1,078.48",208495,1487,2248570
4,Brazil,"DEN 1,2,3,4",2019,Out,31,59.398202017,0.065466529,0.037,1202181,758,31,970.74,208495,1325,2023935
4,Brazil,"DEN 1,2,3,4",2019,Out,33,59.157993650,0.066206361,0.038,1212533,770,33,983.07,208495,1357,2049652
4,Brazil,"DEN 1,2",2019,Out,5,55.135448474,0.092258454,0.048,67531,59,5,58.75,208495,113,122482
4,Brazil,"DEN 1,2",2019,Out,7,56.235683079,0.093045224,0.050,119065,105,7,101.55,208495,197,211725
4,Brazil,"DEN 1,2",2019,Out,12,57.484587868,0.079914758,0.042,302116,219,12,252.07,208495,420,525560
4,Brazil,"DEN 1,2",2019,Out,14,58.178776718,0.076136716,0.042,422567,306,14,348.37,208495,553,726325
4,Brazil,"DEN 1,2",2019,Out,19,59.826520375,0.065060336,0.040,819323,541,19,656.85,208495,891,1369498
4,Brazil,"DEN 1,2",2019,Out,24,60.174045984,0.064253925,0.039,1106011,708,24,881.57,208495,1181,1838020
4,Brazil,"DEN 1,2,3,4",2019,Out,45,57.865420437,0.066241723,0.038,1254417,813,45,"1,039.75",208495,1436,2167818
4,Brazil,"DEN 1,2,3,4",2019,Out,51,57.438097295,0.066177704,0.037,1287151,836,51,"1,074.82",208495,1483,2240936
4,Brazil,"DEN 1,2,3,4",2019,Out,30,59.495964872,0.065103583,0.037,1195337,753,30,963.62,208495,1308,2009106
4,Brazil,"DEN 1,2,3,4",2019,Out,32,59.273840319,0.065909226,0.037,1207794,764,32,977.31,208495,1343,2037651
4,Brazil,"DEN 1,2",2019,Out,1,51.622456863,0.064383209,0.032,8018,5,1,7.45,208495,10,15532
4,Brazil,"DEN 1,2",2019,Out,6,55.871298648,0.090154298,0.049,91720,81,6,78.74,208495,148,164163
4,Brazil,"DEN 1,2",2019,Out,11,57.045604789,0.081049019,0.041,251975,183,11,211.86,208495,358,441708
4,Brazil,"DEN 1,2,4",2022,Out,5,46.462633788,0.070093642,0.035,58995,44,5,59.34,213993,89,126973
4,Brazil,"DEN 1,2,4",2022,Out,7,49.013382904,0.081456611,0.043,93867,82,7,89.49,213993,156,191513
4,Brazil,"DEN 1,2,4",2022,Out,12,57.406618705,0.080959233,0.054,299232,280,12,243.58,213993,422,521250
4,Brazil,"DEN 1,2,4",2022,Out,17,60.004665362,0.072684983,0.053,709968,632,17,552.91,213993,860,1183188
4,Brazil,"DEN 1,2,4",2022,Out,19,59.556434113,0.072085390,0.052,878243,774,19,689.11,213993,1063,1474640
4,Brazil,"DEN 1,2,4",2022,Out,24,56.913186581,0.068572318,0.048,1053236,893,24,864.80,213993,1269,1850601
4,Brazil,"DEN 1,2,4",2022,Out,26,56.097481616,0.066882136,0.047,1086183,910,26,904.82,213993,1295,1936242
4,Brazil,"DEN 1,2,3,4",2022,Out,31,54.791582703,0.064851031,0.045,1133834,936,31,967.02,213993,1342,2069358
4,Brazil,"DEN 1,2,3,4",2022,Out,36,53.886636909,0.063925331,0.044,1159073,953,36,"1,005.15",213993,1375,2150947
4,Brazil,"DEN 1,2,3,4",2022,Out,38,53.581920146,0.063730005,0.044,1166981,960,38,"1,017.76",213993,1388,2177938
4,Brazil,"DEN 1,2,3,4",2022,Out,43,52.756273430,0.063117365,0.043,1184391,976,43,"1,049.11",213993,1417,2245024
4,Brazil,"DEN 1,2,3,4",2022,Out,45,52.420674799,0.062962096,0.043,1191415,983,45,"1,062.09",213993,1431,2272796
4,Brazil,"DEN 1,2,3,4",2022,Out,50,51.402637317,0.061612801,0.042,1208879,989,50,"1,099.00",213993,1449,2351784
4,Brazil,"DEN 1,2,4",2022,Out,4,44.538960907,0.062068825,0.030,43772,29,4,45.93,213993,61,98278
4,Brazil,"DEN 1,2,4",2022,Out,6,47.931054127,0.078491445,0.038,75721,60,6,73.82,213993,124,157979
4,Brazil,"DEN 1,2,4",2022,Out,11,55.882940757,0.080656674,0.051,234876,213,11,196.41,213993,339,420300
4,Brazil,"DEN 1,2,4",2022,Out,13,58.551486033,0.076897743,0.053,371573,339,13,296.56,213993,488,634609
4,Brazil,"DEN 1,2,4",2022,Out,18,60.006181956,0.073541380,0.054,803712,718,18,625.90,213993,985,1339382
4,Brazil,"DEN 1,2,4",2022,Out,25,56.471595318,0.067574976,0.048,1071352,905,25,886.55,213993,1282,1897152
4,Brazil,"DEN 1,2,3,4",2022,Out,30,55.010585055,0.065161345,0.046,1126191,934,30,956.68,213993,1334,2047226
4,Brazil,"DEN 1,2,3,4",2022,Out,32,54.597493917,0.064790193,0.045,1140148,940,32,975.86,213993,1353,2088279
4,Brazil,"DEN 1,2,3,4",2022,Out,37,53.731188150,0.063841798,0.044,1163133,956,37,"1,011.59",213993,1382,2164726
4,Brazil,"DEN 1,2,3,4",2022,Out,44,52.598368911,0.063112356,0.043,1187607,980,44,"1,055.12",213993,1425,2257878
4,Brazil,"DEN 1,2,3,4",2022,Out,49,51.601963657,0.061904405,0.042,1206183,988,49,"1,092.31",213993,1447,2337475
4,Brazil,"DEN 1,2,3,4",2022,Out,51,51.272238329,0.061425998,0.042,1210314,991,51,"1,103.10",213993,1450,2360564
4,Brazil,"DEN 1,2",2019,Out,13,57.802327175,0.078217606,0.041,358412,257,13,297.40,208495,485,620065
4,Brazil,"DEN 1,2",2019,Out,18,59.497034888,0.065990952,0.040,730291,495,18,588.71,208495,810,1227441
4,Brazil,"DEN 1,2",2019,Out,20,60.151114917,0.065256287,0.039,903332,588,20,720.29,208495,980,1501771
4,Brazil,"DEN 1,2",2019,Out,25,60.067795637,0.064883582,0.038,1130375,720,25,902.58,208495,1221,1881832
4,Brazil,"DEN 1,2,3,4",2019,Out,37,58.706774020,0.066502427,0.037,1227942,784,37,"1,003.21",208495,1391,2091653
4,Brazil,"DEN 1,2,3,4",2019,Out,39,58.496079775,0.066577013,0.038,1234465,795,39,"1,012.18",208495,1405,2110338
4,Brazil,"DEN 1,2,3,4",2019,Out,44,57.958447918,0.066328704,0.038,1250417,811,44,"1,034.77",208495,1431,2157437
4,Brazil,"DEN 1,2,3,4",2019,Out,27,59.840245089,0.064615815,0.038,1166877,736,27,935.27,208495,1260,1949987
4,Brazil,"DEN 1,2,3,4",2019,Out,29,59.603625487,0.065142329,0.038,1187638,751,29,955.69,208495,1298,1992560
4,Brazil,"DEN 1,2,3,4",2019,Out,34,59.050419328,0.066482973,0.038,1216839,776,34,988.36,208495,1370,2060678
4,Brazil,"DEN 1,2",2019,Out,3,52.990577988,0.090229217,0.038,30539,22,3,27.64,208495,52,57631
4,Brazil,"DEN 1,2",2019,Out,8,56.212541304,0.087735957,0.048,148002,126,8,126.28,208495,231,263290
4,Brazil,"DEN 1,2",2019,Out,10,56.660473970,0.083318279,0.043,210135,159,10,177.88,208495,309,370867
4,Brazil,"DEN 1,2",2019,Out,15,58.620160297,0.072234817,0.041,492594,344,15,403.04,208495,607,840315
4,Brazil,"DEN 1,2,3,4",2019,Out,48,57.625711015,0.066376506,0.037,1268388,825,48,"1,055.70",208495,1461,2201080
4,Brazil,"DEN 1,2,3,4",2019,Out,46,57.779128604,0.066342499,0.038,1258482,820,46,"1,044.67",208495,1445,2178091
4,Brazil,"DEN 1,2",2019,Out,17,59.235251775,0.068955715,0.042,645993,459,17,523.06,208495,752,1090555
4,Brazil,"DEN 1,2",2019,Out,22,60.318858575,0.064486277,0.039,1029848,658,22,818.89,208495,1101,1707340
4,Brazil,"DEN 1,2,3,4",2019,Out,36,58.828280829,0.066406774,0.038,1224283,781,36,998.16,208495,1382,2081113
4,Brazil,"DEN 1,2,3,4",2019,Out,41,58.277005050,0.066602882,0.038,1240739,803,41,"1,021.15",208495,1418,2129037
4,Brazil,"DEN 1,2,4",2022,Out,1,42.898002103,0.058885384,0.021,10199,5,1,11.11,213993,14,23775
4,Brazil,"DEN 1,2,4",2022,Out,3,43.213093396,0.055641506,0.027,31842,20,3,34.43,213993,41,73686
4,Brazil,"DEN 1,2,4",2022,Out,8,50.136581732,0.082924623,0.046,113061,104,8,105.38,213993,187,225506
4,Brazil,"DEN 1,2,4",2022,Out,10,54.341202233,0.081311314,0.050,185122,169,10,159.19,213993,277,340666
4,Brazil,"DEN 1,2,4",2022,Out,15,60.012199706,0.074616283,0.053,533236,472,15,415.22,213993,663,888546
4,Brazil,"DEN 1,2,4",2022,Out,20,59.133399067,0.071306937,0.051,933769,812,20,737.92,213993,1126,1579089
4,Brazil,"DEN 1,2,4",2022,Out,22,57.814030827,0.069397490,0.049,1005534,858,22,812.76,213993,1207,1739256
4,Brazil,"DEN 1,2,4",2022,Out,27,55.774773037,0.066464244,0.046,1098473,915,27,920.35,213993,1309,1969480
4,Brazil,"DEN 1,2,4",2022,Out,29,55.231698908,0.065595666,0.046,1118179,930,29,946.07,213993,1328,2024524
4,Brazil,"DEN 1,2,3,4",2022,Out,34,54.214854690,0.064326623,0.045,1150430,945,34,991.61,213993,1365,2121983
4,Brazil,"DEN 1,2,3,4",2022,Out,39,53.433133951,0.063676300,0.044,1170596,963,39,"1,023.76",213993,1395,2190768
4,Brazil,"DEN 1,2,3,4",2022,Out,41,53.119001660,0.063546327,0.044,1177797,973,41,"1,036.15",213993,1409,2217280
4,Brazil,"DEN 1,2,3,4",2022,Out,46,52.217111589,0.062643969,0.043,1195316,983,46,"1,069.72",213993,1434,2289127
4,Brazil,"DEN 1,2,3,4",2022,Out,48,51.820564313,0.062072524,0.043,1203003,988,48,"1,084.84",213993,1441,2321478
4,Brazil,"DEN 1,2,3,4",2019,Out,47,57.693296668,0.066315814,0.038,1263208,823,47,"1,050.16",208495,1452,2189523
4,Brazil,"DEN 1,2,3,4",2019,Out,49,57.558677304,0.066255853,0.037,1274432,828,49,"1,061.97",208495,1467,2214144
4,Brazil,"DEN 1,2,3,4",2019,Out,28,59.725378078,0.065014564,0.038,1178623,742,28,946.50,208495,1283,1973404
4,Brazil,"DEN 1,2,3,4",2019,Out,35,58.940830005,0.066489651,0.038,1220664,777,35,993.31,208495,1377,2070999
4,Brazil,"DEN 1,2",2019,Out,2,51.906023264,0.086375677,0.035,18028,12,2,16.66,208495,30,34732
4,Brazil,"DEN 1,2",2019,Out,4,54.271859164,0.088482355,0.044,47229,38,4,41.74,208495,77,87023
4,Brazil,"DEN 1,2",2019,Out,9,56.473263335,0.084711487,0.045,177330,141,9,150.61,208495,266,314007
4,Brazil,"DEN 1,2",2019,Out,16,58.917213418,0.070706881,0.042,564117,401,16,459.23,208495,677,957474
4,Brazil,"DEN 1,2",2019,Out,21,60.305923221,0.064482480,0.039,973574,632,21,774.31,208495,1041,1614392
4,Brazil,"DEN 1,2",2019,Out,23,60.296829230,0.064608702,0.038,1073251,683,23,853.71,208495,1150,1779946
4,Brazil,"DEN 1,2,3,4",2019,Out,40,58.385082034,0.066560999,0.038,1237682,800,40,"1,016.74",208495,1411,2119860
4,Brazil,"DEN 1,2,3,4",2019,Out,42,58.163994404,0.066494834,0.038,1243844,807,42,"1,025.69",208495,1422,2138512
4,Brazil,"DEN 1,2,4",2022,Out,2,42.587937088,0.049863913,0.023,20498,11,2,22.49,213993,24,48131
4,Brazil,"DEN 1,2,4",2022,Out,9,52.243690923,0.080552985,0.046,143981,127,9,128.79,213993,222,275595
4,Brazil,"DEN 1,2,4",2022,Out,14,59.257117966,0.074842593,0.052,448926,394,14,354.03,213993,567,757590
4,Brazil,"DEN 1,2,4",2022,Out,16,60.204765400,0.072916082,0.054,621731,553,16,482.58,213993,753,1032694
4,Brazil,"DEN 1,2,4",2022,Out,21,58.408170209,0.069972654,0.050,971624,832,21,777.37,213993,1164,1663507
4,Brazil,"DEN 1,2,4",2022,Out,23,57.318631494,0.068887115,0.049,1032594,880,23,841.85,213993,1241,1801498
4,Brazil,"DEN 1,2,4",2022,Out,28,55.481844571,0.065879679,0.046,1109137,924,28,934.19,213993,1317,1999099
4,Brazil,"DEN 1,2,3,4",2022,Out,33,54.401644871,0.064531753,0.045,1145666,941,33,984.12,213993,1359,2105940
4,Brazil,"DEN 1,2,3,4",2022,Out,35,54.050155525,0.064213150,0.044,1154854,950,35,998.46,213993,1372,2136634
4,Brazil,"DEN 1,2,3,4",2022,Out,40,53.277793380,0.063609912,0.044,1174274,966,40,"1,029.97",213993,1402,2204059
4,Brazil,"DEN 1,2,3,4",2022,Out,42,52.934528445,0.063454108,0.044,1181252,975,42,"1,042.81",213993,1416,2231534
4,Brazil,"DEN 1,2,3,4",2022,Out,47,52.023089295,0.062373020,0.043,1199384,986,47,"1,077.36",213993,1438,2305484
4,Brazil,"DEN 1,2,3,4",2022,Out,52,51.227633711,0.061349953,0.042,1210760,991,52,"1,104.47",213993,1450,2363490
4,Brazil,"DEN 1,2,3,4",2016,Out,38,47.670385300,0.042326802,0.032,1017000,690,38,"1,018.00",209568,903,2133400
4,Brazil,"DEN 1,2,3,4",2016,Out,40,47.577591743,0.042193778,0.032,1019348,692,40,"1,022.34",209568,904,2142496
4,Brazil,"DEN 1,2,3,4",2016,Out,45,47.263691214,0.042040739,0.032,1026427,700,45,"1,036.28",209568,913,2171703
4,Brazil,"DEN 1,2,3,4",2016,Out,50,46.900942013,0.041905458,0.032,1036387,704,50,"1,054.42",209568,926,2209736
4,Brazil,"DEN 1,2,3,4",2016,Out,52,46.798262720,0.041927834,0.032,1039147,707,52,"1,059.55",209568,931,2220482
4,Brazil,"DEN 1,2,3,4",2016,Out,33,47.887343306,0.042284421,0.032,1010195,680,33,"1,006.61",209568,892,2109524
4,Brazil,"DEN 1,2,3,4",2016,Out,26,48.179173160,0.042159987,0.032,994210,664,26,984.68,209568,870,2063568
4,Brazil,"DEN 1,2,3,4",2016,Out,31,47.971785424,0.042223692,0.032,1006615,677,31,"1,001.27",209568,886,2098348
4,Brazil,"DEN 1,4",2016,Out,2,47.630302195,0.047269218,0.031,72550,47,2,72.68,209568,72,152319
4,Brazil,"DEN 1,2,3,4",2016,Out,7,47.951369546,0.049004620,0.035,343456,249,7,341.78,209568,351,716259
4,Brazil,"DEN 1,2,3,4",2016,Out,12,47.690083137,0.044176040,0.033,652046,450,12,652.42,209568,604,1367257
4,Brazil,"DEN 1,2,3,4",2016,Out,14,47.859506839,0.043982095,0.033,767152,523,14,764.87,209568,705,1602925
4,Brazil,"DEN 1,2,3,4",2016,Out,19,48.461120622,0.042219619,0.033,941224,634,19,926.78,209568,820,1942225
4,Brazil,"DEN 1,2,3,4",2016,Out,21,48.420241588,0.042732731,0.033,966530,656,21,952.50,209568,853,1996128
4,Brazil,"DEN 1,2,3,4",2016,Out,37,47.711920581,0.042327038,0.032,1015626,686,37,"1,015.74",209568,901,2128663
4,Brazil,"DEN 1,2,3,4",2016,Out,39,47.624460051,0.042283793,0.032,1018180,691,39,"1,020.16",209568,904,2137935
4,Brazil,"DEN 1,2,3,4",2016,Out,44,47.326998788,0.041932691,0.032,1024807,696,44,"1,033.26",209568,908,2165375
4,Brazil,"DEN 1,2,3,4",2016,Out,46,47.199775626,0.042001300,0.032,1028249,701,46,"1,039.52",209568,915,2178504
4,Brazil,"DEN 1,2,3,4",2016,Out,51,46.840473594,0.041961279,0.032,1038139,707,51,"1,057.57",209568,930,2216329
4,Brazil,"DEN 1,2,3,4",2016,Out,25,48.228671247,0.042209849,0.032,990628,663,25,980.12,209568,867,2054023
4,Brazil,"DEN 1,2,3,4",2016,Out,27,48.134343845,0.042131456,0.032,997385,666,27,988.74,209568,873,2072086
4,Brazil,"DEN 1,2,3,4",2016,Out,32,47.930357888,0.042303557,0.032,1008379,678,32,"1,003.89",209568,890,2103842
4,Brazil,"DEN 1,4",2016,Out,1,46.744989634,0.046993780,0.032,33820,23,1,34.52,209568,34,72350
4,Brazil,"DEN 1,2,3,4",2016,Out,6,48.160982730,0.049002991,0.034,274206,196,6,271.68,209568,279,569353
4,Brazil,"DEN 1,2,3,4",2016,Out,8,47.815761725,0.046218663,0.033,411753,280,8,410.90,209568,398,861124
4,Brazil,"DEN 1,2,3,4",2016,Out,13,47.678252392,0.044345987,0.033,709594,492,13,710.17,209568,660,1488297
4,Brazil,"DEN 1,2,3,4",2016,Out,18,48.476671561,0.042370899,0.033,922147,625,18,907.70,209568,806,1902249
4,Brazil,"DEN 1,2,3,4",2016,Out,20,48.438810827,0.042301099,0.033,956155,646,20,941.91,209568,835,1973944
4,Brazil,"DEN 1,2,3,4",2016,Out,36,47.758878293,0.042284871,0.032,1014251,684,36,"1,013.37",209568,898,2123691
4,Brazil,"DEN 1,2,3,4",2016,Out,41,47.522741590,0.042091207,0.032,1020654,693,41,"1,024.83",209568,904,2147717
4,Brazil,"DEN 1,2,3,4",2016,Out,43,47.390757674,0.041957945,0.032,1023311,694,43,"1,030.36",209568,906,2159305
4,Brazil,"DEN 1,2,3,4",2016,Out,48,47.050432435,0.041974238,0.032,1032382,703,48,"1,047.01",209568,921,2194203
4,Brazil,"DEN 1,2,3,4",2016,Out,34,47.845200404,0.042277399,0.032,1011737,681,34,"1,009.03",209568,894,2114605
4,Brazil,"DEN 1,2,3,4",2016,Out,29,48.054445335,0.042225378,0.032,1002619,672,29,995.58,209568,881,2086423
4,Brazil,"DEN 1, 4",2016,Out,3,48.083425881,0.043925807,0.031,116033,74,3,115.15,209568,106,241316
4,Brazil,"DEN 1,2,3,4",2016,Out,5,48.396124962,0.047695540,0.032,215114,144,5,212.10,209568,212,444486
4,Brazil,"DEN 1,2,3,4",2016,Out,10,47.530418793,0.045660205,0.033,538176,374,10,540.29,209568,517,1132277
4,Brazil,"DEN 1,2,3,4",2016,Out,15,48.005100427,0.043481552,0.033,818089,559,15,813.18,209568,741,1704171
4,Brazil,"DEN 1,2,3,4",2016,Out,17,48.402836088,0.042632103,0.033,895800,608,17,883.11,209568,789,1850718
4,Brazil,"DEN 1,2,3,4",2016,Out,22,48.383641815,0.042682676,0.033,974867,659,22,961.44,209568,860,2014869
4,Brazil,"DEN 1,2,3,4",2016,Out,24,48.283390455,0.042284519,0.032,986575,661,24,975.01,209568,864,2043301
4,Brazil,"DEN 1,2,3,4",2016,Out,35,47.801335710,0.042280644,0.032,1012993,683,35,"1,011.21",209568,896,2119173
4,Brazil,"DEN 1,2,3,4",2016,Out,42,47.455868191,0.042067883,0.032,1022039,693,42,"1,027.67",209568,906,2153662
4,Brazil,"DEN 1,2,3,4",2016,Out,47,47.124757963,0.041854804,0.032,1030208,701,47,"1,043.16",209568,915,2186129
4,Brazil,"DEN 1,2,3,4",2016,Out,49,46.974552806,0.041956403,0.032,1034514,703,49,"1,050.87",209568,924,2202286
4,Brazil,"DEN 1,2,3,4",2016,Out,28,48.093051747,0.042167739,0.032,1000234,669,28,992.42,209568,877,2079789
4,Brazil,"DEN 1,2,3,4",2016,Out,30,48.015956460,0.042103875,0.032,1004707,672,30,998.46,209568,881,2092444
4,Brazil,"DEN 1,2,3,4",2016,Out,4,48.428555776,0.046197173,0.031,163535,103,4,161.13,209568,156,337683
4,Brazil,"DEN 1,2,3,4",2016,Out,9,47.588517253,0.045845490,0.033,476451,329,9,477.74,209568,459,1001189
4,Brazil,"DEN 1,2,3,4",2016,Out,11,47.577754912,0.044281195,0.033,597392,411,11,599.14,209568,556,1255612
4,Brazil,"DEN 1,2,3,4",2016,Out,16,48.214812993,0.042806612,0.033,860524,584,16,851.64,209568,764,1784771
4,Brazil,"DEN 1,2,3,4",2016,Out,23,48.340680121,0.042460147,0.033,981383,661,23,968.73,209568,862,2030139
